{"train": {"accuracy": 0.7995402411288548, "true_positives": 30920, "false_positives": 7130, "true_negatives": 1774, "false_negatives": 1067}, "val": {"accuracy": 0.8004484869863187, "true_positives": 30060, "false_positives": 6871, "true_negatives": 1709, "false_negatives": 1049}, "test": {"accuracy": 0.800045352616594, "true_positives": 30062, "false_positives": 6869, "true_negatives": 1691, "false_negatives": 1067}}